Feature_1,Feature_2,cluster
0.0914151239263294,-0.31199523187214867,0
0.22513535874193716,0.28216941491736414,0
-0.5853105565961509,-0.3906538520586954,0
1.0383521209501856,0.9051272222969253,1
0.9949596527487133,0.744086821727926,1
1.2638193924588486,1.2333375806286844,1
2.019809209268365,2.33817236209041,2
2.140252802675614,1.7422122611350286,2
2.1106252352247497,1.7123352197513002,2
3.263535090392182,2.985022226704124,3
2.9445412909364217,2.7957211366788175,3
3.366762401602209,2.9536411553793593,3
3.8715016533510678,3.894359934853531,4
4.159692755666004,4.109633219309224,4
4.123819783478797,4.1292463009023646,4
5.642494280261138,4.878075495084615,5
4.8463271812785385,4.755868181525637,5
5.1847938267726486,5.338691687816268,5
5.965815762703538,5.747953056911242,6
5.752655635292628,6.19517783634741,6
6.2229762513610325,6.162946280491559,6
6.800347087813392,7.069648396920016,7
7.035005742742219,7.065606579018704,7
7.261428633384457,7.067078664632405,7
8.203674068921568,8.020273720846667,8
8.086735819606995,8.189386467751563,8
7.5628532540433,7.90409863509281,8
8.858888203712162,8.808336645526998,9
8.917457324631995,9.448482393370318,9
8.740250665292027,9.290483506377445,9
9.49513906851526,9.899534491004268,10
10.048825919531502,10.175866699407784,10
10.213367973937856,10.238004170559977,10
10.89538247832547,10.86129446220063,11
11.257392764377146,10.942608702535516,11
10.617294102998624,10.660013835798956,11
11.724164314199516,12.149148223216129,12
12.04272772082117,12.20714560622033,12
11.87182420609904,12.047561907323015,12
13.187677118190201,12.907196038083928,13
13.137032571267223,12.801422217680004,13
12.891083846030478,12.8854786318005,13
13.641248106323289,14.146091744235674,14
13.859179297939184,14.003748235618307,14
14.144223997671773,14.133959352808983,14
15.199615532691835,14.970454354647172,15
14.873010506386754,14.97608453672808,15
14.49379966981259,14.565866258273074,15
15.60319011629368,15.700825951719555,16
16.11993226801703,15.728356283391982,16
15.886551233788182,16.389768489335818,16
16.893120808681573,17.221254670540127,17
16.719914695997037,16.93836873263971,17
16.714993383526824,16.89829007722983,17
18.25209244123722,17.481803873042296,18
18.13032709306376,18.071320680699685,18
17.82175501329096,17.566182643683465,18
19.02163885231416,18.84115218728086,19
19.069802863406412,19.006555643657034,19
19.480533667396276,18.928193311758093,19
19.69295075221344,20.053782690486894,20
20.06599900519153,20.40775627257213,20
20.250533373774374,20.107061317744854,20
21.43899086736587,20.643371083703144,21
20.808074540175074,20.722027217578344,21
20.883057059053268,20.58699415573311,21
22.190545284044322,21.933333190870368,22
21.5587581116492,21.695326275637736,22
22.09405415423506,22.251437970368315,22
23.599019267507536,23.874158739802198,23
23.1243228299828,22.70313856399044,23
22.360386115780607,23.08031343870315,23
23.7561176714069,23.875392821946093,24
23.816370960282057,23.957762734075086,24
24.319794069236295,24.047114570233603,24
24.952409548888394,24.689303874152255,25
24.49759511658869,24.854107627278,25
24.983865234754504,25.530378974073965,25
26.039082356441867,26.294821853306917,26
25.850211320438255,25.64451687007489,26
25.71046497133029,25.782432180639272,26
27.63854091973055,26.753583996232685,27
27.251546761120903,26.729121846573893,27
27.279471903862273,27.11548528983176,27
27.953008630702573,27.98777124215937,28
27.80356369137118,28.133821660444625,28
27.863504955897767,27.632318270869824,28
28.616618727704115,29.051776375316635,29
29.47372737692313,29.04799748407203,29
28.964408502167036,29.085747841880764,29
30.391800522512046,30.065814750409157,30
29.87672183074988,30.331886613017968,30
30.128626931538484,30.4607267975988,30
31.054970331166572,30.63265929048385,31
30.5895522402263,31.495278379669376,31
31.517099716234988,30.94614423601522,31
31.885043803659205,32.43843328767266,32
31.667886295386953,31.73158189431325,32
32.192998038406714,31.88161846314212,32
32.99846343998398,32.95096713044265,33
33.101272364639684,33.42224455839411,33
33.027175472070525,33.19318163798306,33
33.38494836969069,33.985384479420965,34
33.74703091891214,33.63435608187291,34
33.73655428992137,33.899762967789755,34
35.2747707627068,34.60208218467813,35
35.009189447778326,34.85474916999993,35
34.90169807169141,35.30082734759138,35
36.16143463110118,36.40121943223282,36
35.95364829622503,35.79121721649879,36
35.93284235493585,36.072749037381364,36
37.05297200753611,36.67468357832999,37
37.027146934488364,37.06846849904167,37
37.755242211260175,37.5630533833845,37
37.74402699483235,37.913784991535245,38
37.5609673994489,37.822787895810954,38
38.094681501077105,38.36175608626647,38
38.781274848676915,38.80375606797966,39
38.355813291078405,38.95120022383653,39
38.681275676442134,38.84116817179018,39
39.73694176654973,39.97172123372423,40
39.47268148259301,39.559886426382704,40
40.63877413360849,39.61377322561779,40
40.67096432646361,41.5510740584964,41
41.87152015077212,40.6485300113524,41
40.88952531296359,41.10246666528215,41
42.518609293321674,41.70394287647153,42
41.92641664621737,42.233201272818526,42
42.130429822339984,41.88715317863097,42
42.959853110645184,42.587531257489005,43
42.9285478768076,42.920083752997314,43
43.06965096688788,42.8334018343543,43
44.141461556763545,44.303814745345946,44
44.04662879830054,44.10552692251976,44
44.01594660427336,44.000025317927424,44
44.783532589937145,45.094948278501995,45
44.970814020475956,45.627950492679176,45
45.47200647074257,45.11575396576695,45
45.77108283709157,45.666276558404974,46
46.35734288592666,46.07882476754414,46
46.14404302101748,45.47662420390774,46
47.27823154446745,47.136326101464306,47
46.66687079467566,46.85854255776501,47
47.07911516130696,47.01574003950687,47
47.912348644258934,47.96895351958021,48
47.924406786537936,48.04576875363074,48
48.44144759189795,47.23000246772061,48
48.9289449206471,49.05295372641174,49
49.08879819690613,48.88842562560361,49
48.472983465256426,49.09839864511423,49
50.51820506424926,49.539841578525156,50
50.25914840410945,49.90144243306313,50
49.98160269625134,49.684130446788814,50
50.899663148293236,51.39001337840969,51
51.174796572596314,51.51969348162298,51
51.35322356669331,51.13172600367887,51
52.523180357850336,52.13169794762149,52
52.24839645303912,51.91102871393959,52
52.01996374475776,51.79077285300992,52
53.29687518037846,52.64650891306554,53
53.2347051027253,52.94280468274845,53
53.3513741280402,53.22526069661938,53
54.54619384729404,54.21923240734159,54
53.52838792330403,53.97991404813054,54
53.648397842221556,53.84451604729012,54
55.45336852998302,55.19126014326931,55
54.790320871426374,54.69588479006788,55
55.00983462786288,54.63503195518566,55
55.798657916781025,56.093602841465376,56
56.34659361083201,56.18262844166733,56
55.31261314742057,56.09131001870908,56
57.021610071969775,57.12416708561181,57
57.484862904495365,56.38102851695858,57
56.82266897244267,57.17727189683801,57
57.52552168016382,58.44278471441605,58
58.1105069838102,58.25397519575302,58
57.82871690154346,58.24412910698986,58
59.32054146679671,59.06986340604115,59
59.070320267809606,59.08110297178452,59
58.740996420578185,58.955741395927895,59
59.95424324026429,60.11501815930605,60
60.29994727407309,59.68243917540648,60
59.962497290904125,60.44443666429769,60
60.77692353135623,60.75332499481291,61
61.06069185754936,61.2533155571456,61
61.0034278166682,61.3986881771311,61
62.25703819476996,62.252546020067015,62
62.166234950397225,62.698295930103825,62
61.93845149334019,61.39894331238005,62
63.48127630845514,62.86269017071295,63
63.03236413330291,63.39286520545816,63
62.51932213768232,62.62450583576816,63
63.51961661886435,63.76175911299237,64
64.1318909818051,64.15725635284383,64
64.08288225379857,63.57617023483229,64
